Model,Accuracy,AUC,Precision,Recall,F1,MCC
Logistic Regression,0.8407148407148407,0.8625426233783797,0.9260700389105059,0.7402799377916018,0.8228176318063959,0.6955025943663887
Decision Tree,0.9362859362859363,0.9458248408566213,0.9403453689167975,0.9315707620528771,0.9359375,0.8726088049263999
K-Nearest Neighbors,0.8484848484848485,0.9204548747621302,0.8119777158774373,0.9066874027993779,0.8567229977957385,0.7017788454702206
Naive Bayes,0.8453768453768454,0.8954290350936508,0.9703389830508474,0.7122861586314152,0.8215246636771301,0.7164598817612229
Random Forest,0.9471639471639471,0.9848367029548989,0.9629629629629629,0.9300155520995335,0.9462025316455697,0.8948481636666757
XGBoost,0.9673659673659674,0.9929508418419094,0.9658914728682171,0.968895800933126,0.967391304347826,0.934736567568792
