Model,Accuracy,AUC,Precision,Recall,F1,MCC
Logistic Regression,0.9776810271174935,0.9696487389552635,0.06395637084779375,0.8716216216216216,0.11916859122401847,0.2326727684843584
Decision Tree,0.9969219245578924,0.8912453678251792,0.33429394812680113,0.7837837837837838,0.4686868686868687,0.5107006015843468
K-Nearest Neighbors,0.9994265182636377,0.9187908261154054,0.9230769230769231,0.7297297297297297,0.8150943396226416,0.820461597717717
Naive Bayes,0.9779268050045059,0.9554327746469724,0.06022267206477733,0.8040540540540541,0.1120527306967985,0.21642399916712599
Random Forest,0.9993445923013002,0.9728149363972097,0.8382352941176471,0.7702702702702703,0.8028169014084507,0.8032089549994502
XGBoost,0.9994382219725431,0.964816226039041,0.8787878787878788,0.7837837837837838,0.8285714285714286,0.8296510811778155
